image_id,image_path,chatgpt_bcs,chatgpt_confidence,chatgpt_second_score,chatgpt_effective_bcs,chatgpt_reasoning,ground_truth,deviation,weight_class_gt,weight_class_chatgpt
1,images/cat_01.jpeg,4,A,,4.0,"The cat has a visible waist and an abdominal tuck. The ribs are not prominently visible, indicating an ideal body condition.",4.0,0.0,IW,IW
2,images/cat_02.jpeg,5,A,,5.0,"The cat has a visible waist from above and an abdominal tuck, indicating an ideal weight.",5.25,-0.25,OW,IW
3,images/cat_03.jpeg,8,A,,8.0,"The cat has a heavy fat covering, no visible waist, and a prominent abdominal fat pad.",8.0,0.0,OB,OB
4,images/cat_04.jpeg,8,A,,8.0,"The cat has a heavy fat covering, no visible waist, and a prominent abdominal fat pad, indicating obesity.",6.75,1.25,OW,OB
5,images/cat_05.jpeg,3,A,,3.0,"The cat's ribs are easily visible, and there is minimal body fat. The spine and hip bones are prominent, indicating an underweight condition.",4.0,-1.0,IW,IW
6,images/cat_06.jpeg,4,A,,4.0,"The cat has a visible waist and an abdominal tuck. The ribs are not prominently visible, indicating an ideal body condition.",4.75,-0.75,IW,IW
7,images/cat_07.jpeg,5,A,,5.0,"The cat has a visible waist and an abdominal tuck, with ribs palpable under a slight fat covering, indicating an ideal body condition.",5.0,0.0,IW,IW
8,images/cat_08.jpeg,2,A,,2.0,"The cat's ribs are easily visible, there is minimal body fat, and the spine and hip bones are prominent, indicating an underweight condition.",1.0,1.0,IW,IW
9,images/cat_09.jpeg,4,A,,4.0,"The cat has a visible waist when viewed from above and an abdominal tuck is present, indicating an ideal body condition.",5.0,-1.0,IW,IW
10,images/cat_10.jpeg,5,A,,5.0,"The cat has a visible waist and an abdominal tuck, with ribs palpable under a slight fat covering, indicating an ideal body condition.",7.0,-2.0,OW,IW
11,images/cat_11.jpeg,9,A,,9.0,"The cat has a very heavy fat covering, no visible waist, and prominent abdominal fat pads, indicating obesity.",9.0,0.0,OB,OB
12,images/cat_12.jpeg,8,A,,8.0,"The cat has no visible waist from above and appears to have a heavy fat covering. The abdominal area is broad, indicating obesity.",8.0,0.0,OB,OB
13,images/cat_13.jpeg,9,A,,9.0,"The cat has a heavy fat covering, no visible waist, and a prominent abdominal fat pad, indicating obesity.",9.0,0.0,OB,OB
14,images/cat_14.jpeg,9,A,,9.0,"The cat has a heavy fat covering, no visible waist, and prominent abdominal fat pads, indicating obesity.",9.0,0.0,OB,OB
15,images/cat_15.jpeg,9,A,,9.0,"The cat has no visible waist and a very broad back, indicating a heavy fat covering. This suggests a BCS of 9, which is considered obese.",9.0,0.0,OB,OB
16,images/cat_16.jpeg,9,A,,9.0,"The cat has a very heavy fat covering, with no visible waist and prominent abdominal fat pads. Ribs are not easily palpable.",9.0,0.0,OB,OB
17,images/cat_17.jpeg,5,A,,5.0,"The cat has a visible waist and an abdominal tuck. The ribs are not visible but likely palpable with slight fat covering, indicating an ideal body condition.",4.75,0.25,IW,IW
18,images/cat_18.jpeg,3,A,,3.0,"The cat's ribs and spine are prominent, and there is a noticeable waist, indicating it is underweight.",3.0,0.0,IW,IW
19,images/cat_19.jpeg,4,A,,4.0,"The cat has a visible waist from above and an abdominal tuck, indicating an ideal weight.",4.5,-0.5,IW,IW
20,images/cat_20.jpeg,5,A,,5.0,"The cat has a visible waist and an abdominal tuck. The ribs are palpable with a slight fat covering, indicating an ideal body condition.",5.25,-0.25,OW,IW
21,images/cat_21.jpeg,7,A,,7.0,"The cat has a moderate fat covering, with a barely visible waist and a slight abdominal fat pad.",7.25,-0.25,OB,OW
22,images/cat_22.jpeg,2,A,,2.0,"The cat's ribs and spine are prominently visible with minimal body fat, indicating an underweight condition.",1.25,0.75,IW,IW
23,images/cat_23.jpeg,5,A,,5.0,"The cat has a visible waist and an abdominal tuck. The ribs are not visible but likely palpable with slight fat covering, indicating an ideal weight.",6.25,-1.25,OW,IW
24,images/cat_24.jpeg,6,B,7,6.5,The cat has a moderate fat covering with a barely visible waist and slight abdominal fat pad.,7.25,-0.75,OB,OW
25,images/cat_25.jpeg,4,A,,4.0,The cat has a visible waist and an abdominal tuck. The ribs are not prominently visible but likely palpable with a slight fat covering.,3.5,0.5,IW,IW
26,images/cat_26.jpeg,5,A,,5.0,"The cat has a visible waist and an abdominal tuck. The ribs are not visible but likely palpable with slight fat covering, indicating an ideal body condition.",5.75,-0.75,OW,IW
27,images/cat_27.jpeg,4,A,,4.0,"The cat has a visible waist and an abdominal tuck. The ribs are not visible but likely palpable with slight fat covering, indicating an ideal weight.",5.25,-1.25,OW,IW
28,images/cat_28.jpeg,4,A,,4.0,"The cat has a visible waist and an abdominal tuck. The ribs are palpable with a slight fat covering, indicating an ideal body condition.",4.5,-0.5,IW,IW
29,images/cat_29.jpeg,5,A,,5.0,"The cat has a visible waist and an abdominal tuck. The ribs are not visible but likely palpable with slight fat covering, indicating an ideal body condition.",6.0,-1.0,OW,IW
30,images/cat_30.jpeg,5,A,,5.0,"The cat has a visible waist and an abdominal tuck. The ribs are not visible but likely palpable with slight fat covering, indicating an ideal body condition.",4.5,0.5,IW,IW
31,images/cat_31.jpeg,3,A,,3.0,"The cat's ribs are easily visible, and there is minimal body fat. The spine and hip bones are prominent, indicating an underweight condition.",4.5,-1.5,IW,IW
32,images/cat_32.jpeg,3,A,,3.0,"The cat's ribs and spine are prominent, and there is a noticeable waist, indicating it is underweight.",3.5,-0.5,IW,IW
33,images/cat_33.jpeg,9,A,,9.0,"The cat has a very heavy fat covering, no visible waist, and a prominent abdominal fat pad, indicating obesity.",8.75,0.25,OB,OB
34,images/cat_34.jpeg,5,A,,5.0,"The cat has a visible waist and an abdominal tuck. The ribs are not visible but likely palpable with slight fat covering, indicating an ideal body condition.",7.0,-2.0,OW,IW
35,images/cat_35.jpeg,7,A,,7.0,"The cat has a moderate fat covering with a barely visible waist and a slight abdominal fat pad, indicating it is overweight.",6.5,0.5,OW,OW
36,images/cat_36.jpeg,,,,,所有重试均失败,9.0,,OB,
37,images/cat_37.jpeg,9,A,,9.0,"The cat has a very heavy fat covering, no visible waist, and a prominent abdominal fat pad, indicating obesity.",9.0,0.0,OB,OB
38,images/cat_38.jpeg,8,A,,8.0,"The cat has a heavy fat covering, no visible waist, and a prominent abdominal fat pad.",8.25,-0.25,OB,OB
39,images/cat_39.jpeg,7,A,,7.0,"The cat has a moderate fat covering with a barely visible waist and a slight abdominal fat pad, indicating an overweight condition.",7.25,-0.25,OB,OW
40,images/cat_40.jpeg,7,A,,7.0,"The cat has a moderate fat covering with a barely visible waist and a slight abdominal fat pad, indicating an overweight condition.",7.75,-0.75,OB,OW
41,images/cat_41.jpeg,6,C,7,6.0,"The cat has a moderate fat covering with a barely visible waist and slight abdominal fat pad, suggesting a BCS of 6. However, the overall body shape could also indicate a BCS of 7.",6.25,-0.25,OW,OW
42,images/cat_42.jpeg,8,A,,8.0,"The cat has a heavy fat covering, no visible waist, and a prominent abdominal fat pad, indicating obesity.",7.25,0.75,OB,OB
43,images/cat_43.jpeg,3,A,,3.0,"The cat's ribs are easily visible, with minimal body fat and a prominent spine and hip bones, indicating an underweight condition.",4.0,-1.0,IW,IW
44,images/cat_44.jpeg,9,A,,9.0,"The cat has no visible waist and a very prominent abdominal fat pad, indicating a heavy fat covering. Ribs are not easily palpable.",9.0,0.0,OB,OB
45,images/cat_45.jpeg,5,A,,5.0,"The cat has a visible waist and an abdominal tuck. The ribs are not prominently visible but should be palpable with a slight fat covering, indicating an ideal body condition.",5.0,0.0,IW,IW
46,images/cat_46.jpeg,8,A,,8.0,"The cat has a heavy fat covering, no visible waist, and a prominent abdominal fat pad.",7.5,0.5,OB,OB
47,images/cat_47.jpeg,3,A,,3.0,"The cat's ribs are easily visible, and there is minimal body fat with a prominent waist, indicating an underweight condition.",4.0,-1.0,IW,IW
48,images/cat_48.jpeg,3,A,,3.0,"The cat's ribs are visible, and there is minimal body fat. The spine and hip bones are somewhat prominent, indicating an underweight condition.",3.5,-0.5,IW,IW
49,images/cat_49.jpeg,8,A,,8.0,"The cat has a heavy fat covering, no visible waist, and a prominent abdominal fat pad, indicating obesity.",8.0,0.0,OB,OB
50,images/cat_50.jpeg,4,A,,4.0,"The cat has a visible waist and an abdominal tuck. The ribs are not prominently visible, indicating an ideal body condition.",5.0,-1.0,IW,IW
